,population,count_r2<0.9,prop_r2<0.9,count_r2<0.5,prop_r2<0.5
0,AFR,0,0.0,0,0.0
1,AMR,NA,NA,NA,NA
2,EAS,1,50.0,1,50.0
3,EUR,1,8.333333333333332,1,8.333333333333332
