,pop,min,max,median,mean,stdev
0,AFR,0.3872,0.4476,0.44255,0.429975,0.02891140201835025
1,AMR,0.8204,0.8204,0.8204,0.8204,NA
2,EAS,0.946,0.975,0.946,0.9547,0.014008330854649803
3,EUR,0.8528,0.9752,0.8687,0.8762243243243243,0.03460824729426182
