,pop,min,max,median,mean,stdev
0,AFR,0.3872,1.0,1.0,0.8658764705882352,0.2495504145694106
1,AMR,0.8204,1.0,1.0,0.96408,NA
2,EAS,0.946,1.0,1.0,0.9838214285714285,0.023537288889206618
3,EUR,0.8528,1.0,0.8687,0.9295430769230769,0.06700072287210501
