statistic,parameter,p.value,significance,tsnp,fsnp
17.9059829059829,4,0.00128741583496411,*,rs505922,rs8176719
18.9974358974359,4,0.000786856393800685,**,rs514659,rs8176719
18.0564102564103,4,0.00120316043004418,*,rs529565,rs8176719
18.9974358974359,4,0.000786856393800685,**,rs612169,rs8176719
20.7424307958478,4,0.00035616010298681,**,rs657152,rs8176719
19.9726402188782,4,0.000505648276047745,**,rs687289,rs8176719
15.5525300171526,4,0.00368231337759725,*,rs8176645,rs8176719
19.562148962149,4,0.000609249767551255,**,rs8176693,rs8176719
8.91651205936921,3,0.03042174712283,.,rs8176704,rs8176719
16.7645785586962,4,0.00214746868458914,*,rs7853989,rs8176746
18.9966032608696,4,0.000787152829547267,**,rs8176672,rs8176746
16.4870573870574,4,0.00243062953437292,*,rs8176720,rs8176746
16.7964101303172,4,0.00211714595566513,*,rs8176722,rs8176746
4.13112414777231,4,0.388550886145406,NA,rs8176741,rs8176746
4.13112414777231,4,0.388550886145406,NA,rs8176743,rs8176746
4.20000000000002,4,0.379614927584242,NA,rs8176749,rs8176746
